,roles
0,Accountants
1,Actors
2,Actuaries
3,Acupuncturists
4,Acute Care Nurses
5,Adapted Physical Education Specialists
6,Adhesive Bonding Machine Operators and Tenders
7,"Administrative Law Judges, Adjudicators, and Hearing Officers"
8,Administrative Services Managers
9,Adult Basic and Secondary Education and Literacy Teachers and Instructors
10,Advanced Practice Psychiatric Nurses
11,Advertising Sales Agents
12,Advertising and Promotions Managers
13,Aerospace Engineering and Operations Technicians
14,Aerospace Engineers
15,"Agents and Business Managers of Artists, Performers, and Athletes"
16,Agricultural Engineers
17,Agricultural Equipment Operators
18,Agricultural Inspectors
19,"Agricultural Sciences Teachers, Postsecondary"
20,Agricultural Technicians
21,Air Traffic Controllers
22,Aircraft Cargo Handling Supervisors
23,Aircraft Mechanics and Service Technicians
24,"Aircraft Structure, Surfaces, Rigging, and Systems Assemblers"
25,Airfield Operations Specialists
26,"Airline Pilots, Copilots, and Flight Engineers"
27,Allergists and Immunologists
28,"Ambulance Drivers and Attendants, Except Emergency Medical Technicians"
29,Amusement and Recreation Attendants
30,Anesthesiologist Assistants
31,Anesthesiologists
32,Animal Breeders
33,Animal Control Workers
34,Animal Scientists
35,Animal Trainers
36,Anthropologists
37,"Anthropology and Archeology Teachers, Postsecondary"
38,"Appraisers, Real Estate"
39,Aquacultural Managers
40,"Arbitrators, Mediators, and Conciliators"
41,Archeologists
42,"Architects, Except Landscape and Naval"
43,Architectural Drafters
44,Architectural and Engineering Managers
45,"Architecture Teachers, Postsecondary"
46,Archivists
47,"Area, Ethnic, and Cultural Studies Teachers, Postsecondary"
48,Art Directors
49,Art Therapists
50,"Art, Drama, and Music Teachers, Postsecondary"
51,Assessors
52,Astronomers
53,Athletes and Sports Competitors
54,Athletic Trainers
55,Atmospheric and Space Scientists
56,"Atmospheric, Earth, Marine, and Space Sciences Teachers, Postsecondary"
57,Audio and Video Equipment Technicians
58,Audio-Visual and Multimedia Collections Specialists
59,Audiologists
60,Auditors
61,Automotive Body and Related Repairers
62,Automotive Engineering Technicians
63,Automotive Engineers
64,Automotive Glass Installers and Repairers
65,Automotive Master Mechanics
66,Automotive Specialty Technicians
67,Automotive and Watercraft Service Attendants
68,Aviation Inspectors
69,Avionics Technicians
70,Baggage Porters and Bellhops
71,Bailiffs
72,Bakers
73,Barbers
74,Baristas
75,Bartenders
76,Bicycle Repairers
77,Bill and Account Collectors
78,"Billing, Cost, and Rate Clerks"
79,Biochemical Engineers
80,Biochemists and Biophysicists
81,Biofuels Processing Technicians
82,Biofuels Production Managers
83,Biofuels/Biodiesel Technology and Product Development Managers
84,Bioinformatics Scientists
85,Bioinformatics Technicians
86,"Biological Science Teachers, Postsecondary"
87,Biological Technicians
88,Biologists
89,Biomass Plant Technicians
90,Biomass Power Plant Managers
91,Biomedical Engineers
92,Biostatisticians
93,Boilermakers
94,"Bookkeeping, Accounting, and Auditing Clerks"
95,Brickmasons and Blockmasons
96,Bridge and Lock Tenders
97,Broadcast News Analysts
98,Broadcast Technicians
99,Brokerage Clerks
100,Brownfield Redevelopment Specialists and Site Managers
101,Budget Analysts
102,"Bus Drivers, School or Special Client"
103,"Bus Drivers, Transit and Intercity"
104,Bus and Truck Mechanics and Diesel Engine Specialists
105,Business Continuity Planners
106,Business Intelligence Analysts
107,"Business Teachers, Postsecondary"
108,Butchers and Meat Cutters
109,"Buyers and Purchasing Agents, Farm Products"
110,Cabinetmakers and Bench Carpenters
111,"Camera Operators, Television, Video, and Motion Picture"
112,Camera and Photographic Equipment Repairers
113,Cardiovascular Technologists and Technicians
114,"Career/Technical Education Teachers, Middle School"
115,"Career/Technical Education Teachers, Secondary School"
116,Cargo and Freight Agents
117,Carpet Installers
118,Cartographers and Photogrammetrists
119,Cashiers
120,Cement Masons and Concrete Finishers
121,Chefs and Head Cooks
122,Chemical Engineers
123,Chemical Equipment Operators and Tenders
124,Chemical Plant and System Operators
125,Chemical Technicians
126,"Chemistry Teachers, Postsecondary"
127,Chemists
128,Chief Executives
129,Chief Sustainability Officers
130,"Child, Family, and School Social Workers"
131,Childcare Workers
132,Chiropractors
133,Choreographers
134,City and Regional Planning Aides
135,Civil Drafters
136,Civil Engineering Technicians
137,Civil Engineers
138,"Claims Examiners, Property and Casualty Insurance"
139,Cleaners of Vehicles and Equipment
140,"Cleaning, Washing, and Metal Pickling Equipment Operators and Tenders"
141,Clergy
142,Climate Change Analysts
143,Clinical Data Managers
144,Clinical Nurse Specialists
145,Clinical Psychologists
146,Clinical Research Coordinators
147,Coaches and Scouts
148,"Coating, Painting, and Spraying Machine Setters, Operators, and Tenders"
149,"Coil Winders, Tapers, and Finishers"
150,"Coin, Vending, and Amusement Machine Servicers and Repairers"
151,"Combined Food Preparation and Serving Workers, Including Fast Food"
152,Commercial Divers
153,Commercial Pilots
154,Commercial and Industrial Designers
155,"Communications Teachers, Postsecondary"
156,Community Health Workers
157,Compensation and Benefits Managers
158,"Compensation, Benefits, and Job Analysis Specialists"
159,Compliance Managers
160,Computer Hardware Engineers
161,Computer Network Architects
162,Computer Network Support Specialists
163,"Computer Numerically Controlled Machine Tool Programmers, Metal and Plastic"
164,Computer Operators
165,Computer Programmers
166,"Computer Science Teachers, Postsecondary"
167,Computer Systems Analysts
168,Computer Systems Engineers/Architects
169,Computer User Support Specialists
170,Computer and Information Research Scientists
171,Computer and Information Systems Managers
172,"Computer, Automated Teller, and Office Machine Repairers"
173,"Computer-Controlled Machine Tool Operators, Metal and Plastic"
174,Concierges
175,Construction Carpenters
176,Construction Laborers
177,Construction Managers
178,Construction and Building Inspectors
179,Continuous Mining Machine Operators
180,"Control and Valve Installers and Repairers, Except Mechanical Door"
181,Conveyor Operators and Tenders
182,"Cooks, Fast Food"
183,"Cooks, Institution and Cafeteria"
184,"Cooks, Private Household"
185,"Cooks, Restaurant"
186,"Cooks, Short Order"
187,Cooling and Freezing Equipment Operators and Tenders
188,Copy Writers
189,Coroners
190,Correctional Officers and Jailers
191,Correspondence Clerks
192,Cost Estimators
193,Costume Attendants
194,Counseling Psychologists
195,"Counter Attendants, Cafeteria, Food Concession, and Coffee Shop"
196,Counter and Rental Clerks
197,Couriers and Messengers
198,Court Clerks
199,Court Reporters
200,Craft Artists
201,Crane and Tower Operators
202,Credit Analysts
203,Credit Authorizers
204,Credit Checkers
205,Credit Counselors
206,Criminal Investigators and Special Agents
207,"Criminal Justice and Law Enforcement Teachers, Postsecondary"
208,Critical Care Nurses
209,Crossing Guards
210,"Crushing, Grinding, and Polishing Machine Setters, Operators, and Tenders"
211,Curators
212,Customer Service Representatives
213,Customs Brokers
214,"Cutters and Trimmers, Hand"
215,"Cutting and Slicing Machine Setters, Operators, and Tenders"
216,"Cutting, Punching, and Press Machine Setters, Operators, and Tenders, Metal and Plastic"
217,Cytogenetic Technologists
218,Cytotechnologists
219,Dancers
220,Data Entry Keyers
221,Data Warehousing Specialists
222,Database Administrators
223,Database Architects
224,Demonstrators and Product Promoters
225,Dental Assistants
226,Dental Hygienists
227,Dental Laboratory Technicians
228,"Dentists, General"
229,Dermatologists
230,"Derrick Operators, Oil and Gas"
231,Desktop Publishers
232,Diagnostic Medical Sonographers
233,Dietetic Technicians
234,Dietitians and Nutritionists
235,Dining Room and Cafeteria Attendants and Bartender Helpers
236,"Directors, Religious Activities and Education"
237,"Directors- Stage, Motion Pictures, Television, and Radio"
238,Dishwashers
239,"Dispatchers, Except Police, Fire, and Ambulance"
240,Distance Learning Coordinators
241,Document Management Specialists
242,"Door-To-Door Sales Workers, News and Street Vendors, and Related Workers"
243,Dredge Operators
244,"Drilling and Boring Machine Tool Setters, Operators, and Tenders, Metal and Plastic"
245,Driver/Sales Workers
246,Drywall and Ceiling Tile Installers
247,"Earth Drillers, Except Oil and Gas"
248,"Economics Teachers, Postsecondary"
249,Economists
250,Editors
251,"Education Administrators, Elementary and Secondary School"
252,"Education Administrators, Postsecondary"
253,"Education Administrators, Preschool and Childcare Center/Program"
254,"Education Teachers, Postsecondary"
255,"Educational, Guidance, School, and Vocational Counselors"
256,"Electric Motor, Power Tool, and Related Repairers"
257,Electrical Drafters
258,Electrical Engineering Technicians
259,Electrical Engineering Technologists
260,Electrical Engineers
261,Electrical Power-Line Installers and Repairers
262,Electrical and Electronic Equipment Assemblers
263,"Electrical and Electronics Installers and Repairers, Transportation Equipment"
264,"Electrical and Electronics Repairers, Commercial and Industrial Equipment"
265,"Electrical and Electronics Repairers, Powerhouse, Substation, and Relay"
266,Electricians
267,Electro-Mechanical Technicians
268,Electromechanical Engineering Technologists
269,Electromechanical Equipment Assemblers
270,Electronic Drafters
271,"Electronic Equipment Installers and Repairers, Motor Vehicles"
272,Electronic Home Entertainment Equipment Installers and Repairers
273,Electronics Engineering Technicians
274,Electronics Engineering Technologists
275,"Electronics Engineers, Except Computer"
276,"Elementary School Teachers, Except Special Education"
277,Elevator Installers and Repairers
278,"Eligibility Interviewers, Government Programs"
279,Embalmers
280,Emergency Management Directors
281,Emergency Medical Technicians and Paramedics
282,Endoscopy Technicians
283,Energy Auditors
284,Energy Brokers
285,Energy Engineers
286,Engine and Other Machine Assemblers
287,"Engineering Teachers, Postsecondary"
288,"English Language and Literature Teachers, Postsecondary"
289,Environmental Compliance Inspectors
290,Environmental Economists
291,Environmental Engineering Technicians
292,Environmental Engineers
293,Environmental Restoration Planners
294,"Environmental Science Teachers, Postsecondary"
295,"Environmental Science and Protection Technicians, Including Health"
296,"Environmental Scientists and Specialists, Including Health"
297,Epidemiologists
298,Equal Opportunity Representatives and Officers
299,Etchers and Engravers
300,Excavating and Loading Machine and Dragline Operators
301,Executive Secretaries and Executive Administrative Assistants
302,Exercise Physiologists
303,"Explosives Workers, Ordnance Handling Experts, and Blasters"
304,"Extruding and Drawing Machine Setters, Operators, and Tenders, Metal and Plastic"
305,"Extruding and Forming Machine Setters, Operators, and Tenders, Synthetic and Glass Fibers"
306,"Extruding, Forming, Pressing, and Compacting Machine Setters, Operators, and Tenders"
307,"Fabric Menders, Except Garment"
308,Fabric and Apparel Patternmakers
309,Fallers
310,Family and General Practitioners
311,Farm Equipment Mechanics and Service Technicians
312,Farm Labor Contractors
313,Farm and Home Management Advisors
314,Farm and Ranch Managers
315,"Farmworkers and Laborers, Crop"
316,"Farmworkers, Farm, Ranch, and Aquacultural Animals"
317,Fashion Designers
318,Fence Erectors
319,Fiberglass Laminators and Fabricators
320,File Clerks
321,Film and Video Editors
322,Financial Analysts
323,Financial Examiners
324,"Financial Managers, Branch or Department"
325,Financial Quantitative Analysts
326,"Fine Artists, Including Painters, Sculptors, and Illustrators"
327,Fire Inspectors
328,Fire Investigators
329,Fire-Prevention and Protection Engineers
330,First-Line Supervisors of Agricultural Crop and Horticultural Workers
331,First-Line Supervisors of Animal Husbandry and Animal Care Workers
332,First-Line Supervisors of Aquacultural Workers
333,First-Line Supervisors of Construction Trades and Extraction Workers
334,First-Line Supervisors of Correctional Officers
335,First-Line Supervisors of Food Preparation and Serving Workers
336,"First-Line Supervisors of Helpers, Laborers, and Material Movers, Hand"
337,First-Line Supervisors of Housekeeping and Janitorial Workers
338,"First-Line Supervisors of Landscaping, Lawn Service, and Groundskeeping Workers"
339,First-Line Supervisors of Logging Workers
340,"First-Line Supervisors of Mechanics, Installers, and Repairers"
341,First-Line Supervisors of Non-Retail Sales Workers
342,First-Line Supervisors of Office and Administrative Support Workers
343,First-Line Supervisors of Personal Service Workers
344,First-Line Supervisors of Police and Detectives
345,First-Line Supervisors of Production and Operating Workers
346,First-Line Supervisors of Retail Sales Workers
347,First-Line Supervisors of Transportation and Material-Moving Machine and Vehicle Operators
348,Fish and Game Wardens
349,Fishers and Related Fishing Workers
350,Fitness Trainers and Aerobics Instructors
351,Fitness and Wellness Coordinators
352,Flight Attendants
353,"Floor Layers, Except Carpet, Wood, and Hard Tiles"
354,Floor Sanders and Finishers
355,Floral Designers
356,Food Batchmakers
357,Food Cooking Machine Operators and Tenders
358,Food Preparation Workers
359,Food Science Technicians
360,Food Scientists and Technologists
361,"Food Servers, Nonrestaurant"
362,Food Service Managers
363,"Food and Tobacco Roasting, Baking, and Drying Machine Operators and Tenders"
364,"Foreign Language and Literature Teachers, Postsecondary"
365,Forensic Science Technicians
366,Forest Fire Fighting and Prevention Supervisors
367,Forest Fire Inspectors and Prevention Specialists
368,Forest Firefighters
369,Forest and Conservation Technicians
370,Forest and Conservation Workers
371,Foresters
372,"Forestry and Conservation Science Teachers, Postsecondary"
373,"Forging Machine Setters, Operators, and Tenders, Metal and Plastic"
374,Foundry Mold and Coremakers
375,"Fraud Examiners, Investigators and Analysts"
376,Freight Forwarders
377,Freight and Cargo Inspectors
378,Fuel Cell Engineers
379,Fuel Cell Technicians
380,Fundraisers
381,Funeral Attendants
382,Funeral Service Managers
383,"Furnace, Kiln, Oven, Drier, and Kettle Operators and Tenders"
384,Furniture Finishers
385,Gaming Cage Workers
386,Gaming Change Persons and Booth Cashiers
387,Gaming Dealers
388,Gaming Managers
389,Gaming Supervisors
390,Gaming Surveillance Officers and Gaming Investigators
391,Gaming and Sports Book Writers and Runners
392,Gas Compressor and Gas Pumping Station Operators
393,Gas Plant Operators
394,Gem and Diamond Workers
395,General and Operations Managers
396,Genetic Counselors
397,Geneticists
398,Geodetic Surveyors
399,Geographers
400,Geographic Information Systems Technicians
401,"Geography Teachers, Postsecondary"
402,Geological Sample Test Technicians
403,Geophysical Data Technicians
404,"Geoscientists, Except Hydrologists and Geographers"
405,Geospatial Information Scientists and Technologists
406,Geothermal Production Managers
407,Geothermal Technicians
408,"Glass Blowers, Molders, Benders, and Finishers"
409,Glaziers
410,Government Property Inspectors and Investigators
411,"Graders and Sorters, Agricultural Products"
412,Graduate Teaching Assistants
413,Graphic Designers
414,Green Marketers
415,"Grinding and Polishing Workers, Hand"
416,"Grinding, Lapping, Polishing, and Buffing Machine Tool Setters, Operators, and Tenders, Metal and Plastic"
417,"Hairdressers, Hairstylists, and Cosmetologists"
418,Hazardous Materials Removal Workers
419,Health Educators
420,"Health Specialties Teachers, Postsecondary"
421,Healthcare Social Workers
422,Hearing Aid Specialists
423,"Heat Treating Equipment Setters, Operators, and Tenders, Metal and Plastic"
424,Heating and Air Conditioning Mechanics and Installers
425,Heavy and Tractor-Trailer Truck Drivers
426,"Helpers--Brickmasons, Blockmasons, Stonemasons, and Tile and Marble Setters"
427,Helpers--Carpenters
428,Helpers--Electricians
429,Helpers--Extraction Workers
430,"Helpers--Installation, Maintenance, and Repair Workers"
431,"Helpers--Painters, Paperhangers, Plasterers, and Stucco Masons"
432,"Helpers--Pipelayers, Plumbers, Pipefitters, and Steamfitters"
433,Helpers--Production Workers
434,Helpers--Roofers
435,Highway Maintenance Workers
436,Historians
437,"History Teachers, Postsecondary"
438,Histotechnologists and Histologic Technicians
439,Hoist and Winch Operators
440,Home Appliance Repairers
441,"Home Economics Teachers, Postsecondary"
442,Home Health Aides
443,Hospitalists
444,"Hosts and Hostesses, Restaurant, Lounge, and Coffee Shop"
445,"Hotel, Motel, and Resort Desk Clerks"
446,Human Factors Engineers and Ergonomists
447,"Human Resources Assistants, Except Payroll and Timekeeping"
448,Human Resources Managers
449,Human Resources Specialists
450,Hunters and Trappers
451,Hydroelectric Plant Technicians
452,Hydroelectric Production Managers
453,Hydrologists
454,Immigration and Customs Inspectors
455,Industrial Ecologists
456,Industrial Engineering Technicians
457,Industrial Engineering Technologists
458,Industrial Engineers
459,Industrial Machinery Mechanics
460,Industrial Production Managers
461,Industrial Safety and Health Engineers
462,Industrial Truck and Tractor Operators
463,Industrial-Organizational Psychologists
464,Informatics Nurse Specialists
465,Information Security Analysts
466,Information Technology Project Managers
467,"Inspectors, Testers, Sorters, Samplers, and Weighers"
468,Instructional Coordinators
469,Instructional Designers and Technologists
470,"Insulation Workers, Floor, Ceiling, and Wall"
471,"Insulation Workers, Mechanical"
472,"Insurance Adjusters, Examiners, and Investigators"
473,"Insurance Appraisers, Auto Damage"
474,Insurance Claims Clerks
475,Insurance Policy Processing Clerks
476,Insurance Sales Agents
477,Insurance Underwriters
478,Intelligence Analysts
479,Interior Designers
480,"Internists, General"
481,Interpreters and Translators
482,"Interviewers, Except Eligibility and Loan"
483,Investment Fund Managers
484,Investment Underwriters
485,"Janitors and Cleaners, Except Maids and Housekeeping Cleaners"
486,Jewelers
487,"Judges, Magistrate Judges, and Magistrates"
488,Judicial Law Clerks
489,"Kindergarten Teachers, Except Special Education"
490,Labor Relations Specialists
491,"Laborers and Freight, Stock, and Material Movers, Hand"
492,Landscape Architects
493,Landscaping and Groundskeeping Workers
494,"Lathe and Turning Machine Tool Setters, Operators, and Tenders, Metal and Plastic"
495,Laundry and Dry-Cleaning Workers
496,"Law Teachers, Postsecondary"
497,Lawyers
498,"Layout Workers, Metal and Plastic"
499,Legal Secretaries
500,Legislators
501,Librarians
502,"Library Assistants, Clerical"
503,"Library Science Teachers, Postsecondary"
504,Library Technicians
505,License Clerks
506,Licensed Practical and Licensed Vocational Nurses
507,Licensing Examiners and Inspectors
508,"Lifeguards, Ski Patrol, and Other Recreational Protective Service Workers"
509,Light Truck or Delivery Services Drivers
510,"Loading Machine Operators, Underground Mining"
511,Loan Counselors
512,Loan Interviewers and Clerks
513,Loan Officers
514,"Locker Room, Coatroom, and Dressing Room Attendants"
515,Locksmiths and Safe Repairers
516,Locomotive Engineers
517,Locomotive Firers
518,Lodging Managers
519,Log Graders and Scalers
520,Logging Equipment Operators
521,Logisticians
522,Logistics Analysts
523,Logistics Engineers
524,Logistics Managers
525,Loss Prevention Managers
526,"Low Vision Therapists, Orientation and Mobility Specialists, and Vision Rehabilitation Therapists"
527,Machine Feeders and Offbearers
528,Machinists
529,Magnetic Resonance Imaging Technologists
530,Maids and Housekeeping Cleaners
531,"Mail Clerks and Mail Machine Operators, Except Postal Service"
532,"Maintenance Workers, Machinery"
533,"Maintenance and Repair Workers, General"
534,"Makeup Artists, Theatrical and Performance"
535,Management Analysts
536,Manicurists and Pedicurists
537,Manufactured Building and Mobile Home Installers
538,Manufacturing Engineering Technologists
539,Manufacturing Engineers
540,Manufacturing Production Technicians
541,Mapping Technicians
542,Marine Architects
543,Marine Engineers
544,Market Research Analysts and Marketing Specialists
545,Marketing Managers
546,Marking Clerks
547,Marriage and Family Therapists
548,Massage Therapists
549,Materials Engineers
550,Materials Scientists
551,"Mates- Ship, Boat, and Barge"
552,"Mathematical Science Teachers, Postsecondary"
553,Mathematical Technicians
554,Mathematicians
555,"Meat, Poultry, and Fish Cutters and Trimmers"
556,Mechanical Door Repairers
557,Mechanical Drafters
558,Mechanical Engineering Technicians
559,Mechanical Engineering Technologists
560,Mechanical Engineers
561,Mechatronics Engineers
562,Medical Appliance Technicians
563,Medical Assistants
564,Medical Equipment Preparers
565,Medical Equipment Repairers
566,Medical Records and Health Information Technicians
567,"Medical Scientists, Except Epidemiologists"
568,Medical Secretaries
569,Medical Transcriptionists
570,Medical and Clinical Laboratory Technicians
571,Medical and Clinical Laboratory Technologists
572,Medical and Health Services Managers
573,"Meeting, Convention, and Event Planners"
574,Mental Health Counselors
575,Mental Health and Substance Abuse Social Workers
576,Merchandise Displayers and Window Trimmers
577,Metal-Refining Furnace Operators and Tenders
578,"Meter Readers, Utilities"
579,Methane/Landfill Gas Collection System Operators
580,Methane/Landfill Gas Generation System Technicians
581,Microbiologists
582,Microsystems Engineers
583,"Middle School Teachers, Except Special and Career/Technical Education"
584,Midwives
585,"Milling and Planing Machine Setters, Operators, and Tenders, Metal and Plastic"
586,Millwrights
587,Mine Cutting and Channeling Machine Operators
588,Mine Shuttle Car Operators
589,"Mining and Geological Engineers, Including Mining Safety Engineers"
590,"Mixing and Blending Machine Setters, Operators, and Tenders"
591,"Mobile Heavy Equipment Mechanics, Except Engines"
592,"Model Makers, Metal and Plastic"
593,"Model Makers, Wood"
594,Models
595,Molding and Casting Workers
596,"Molding, Coremaking, and Casting Machine Setters, Operators, and Tenders, Metal and Plastic"
597,Molecular and Cellular Biologists
598,"Morticians, Undertakers, and Funeral Directors"
599,Motion Picture Projectionists
600,Motorboat Mechanics and Service Technicians
601,Motorboat Operators
602,Motorcycle Mechanics
603,Multimedia Artists and Animators
604,"Multiple Machine Tool Setters, Operators, and Tenders, Metal and Plastic"
605,Municipal Clerks
606,Municipal Fire Fighting and Prevention Supervisors
607,Municipal Firefighters
608,Museum Technicians and Conservators
609,Music Composers and Arrangers
610,Music Directors
611,Music Therapists
612,Musical Instrument Repairers and Tuners
613,"Musicians, Instrumental"
614,Nannies
615,Nanosystems Engineers
616,Nanotechnology Engineering Technicians
617,Nanotechnology Engineering Technologists
618,Natural Sciences Managers
619,Naturopathic Physicians
620,Network and Computer Systems Administrators
621,Neurodiagnostic Technologists
622,Neurologists
623,Neuropsychologists and Clinical Neuropsychologists
624,New Accounts Clerks
625,Non-Destructive Testing Specialists
626,Nonfarm Animal Caretakers
627,Nuclear Engineers
628,Nuclear Equipment Operation Technicians
629,Nuclear Medicine Physicians
630,Nuclear Medicine Technologists
631,Nuclear Monitoring Technicians
632,Nuclear Power Reactor Operators
633,Nurse Anesthetists
634,Nurse Midwives
635,Nurse Practitioners
636,Nursery Workers
637,Nursery and Greenhouse Managers
638,Nursing Assistants
639,"Nursing Instructors and Teachers, Postsecondary"
640,Obstetricians and Gynecologists
641,Occupational Health and Safety Specialists
642,Occupational Health and Safety Technicians
643,Occupational Therapists
644,Occupational Therapy Aides
645,Occupational Therapy Assistants
646,"Office Clerks, General"
647,"Office Machine Operators, Except Computer"
648,Online Merchants
649,Operating Engineers and Other Construction Equipment Operators
650,Operations Research Analysts
651,Ophthalmic Laboratory Technicians
652,Ophthalmic Medical Technicians
653,Ophthalmic Medical Technologists
654,Ophthalmologists
655,"Opticians, Dispensing"
656,Optometrists
657,Oral and Maxillofacial Surgeons
658,Order Clerks
659,"Order Fillers, Wholesale and Retail Sales"
660,Orderlies
661,Orthodontists
662,Orthoptists
663,Orthotists and Prosthetists
664,Outdoor Power Equipment and Other Small Engine Mechanics
665,Packaging and Filling Machine Operators and Tenders
666,"Packers and Packagers, Hand"
667,"Painters, Construction and Maintenance"
668,"Painters, Transportation Equipment"
669,"Painting, Coating, and Decorating Workers"
670,"Paper Goods Machine Setters, Operators, and Tenders"
671,Paperhangers
672,Paralegals and Legal Assistants
673,Park Naturalists
674,Parking Enforcement Workers
675,Parking Lot Attendants
676,Parts Salespersons
677,Pathologists
678,Patient Representatives
679,"Patternmakers, Metal and Plastic"
680,"Patternmakers, Wood"
681,"Paving, Surfacing, and Tamping Equipment Operators"
682,Payroll and Timekeeping Clerks
683,"Pediatricians, General"
684,Personal Care Aides
685,Personal Financial Advisors
686,Pest Control Workers
687,"Pesticide Handlers, Sprayers, and Applicators, Vegetation"
688,Petroleum Engineers
689,"Petroleum Pump System Operators, Refinery Operators, and Gaugers"
690,Pharmacists
691,Pharmacy Aides
692,Pharmacy Technicians
693,"Philosophy and Religion Teachers, Postsecondary"
694,Phlebotomists
695,Photographers
696,Photographic Process Workers and Processing Machine Operators
697,Photonics Engineers
698,Photonics Technicians
699,Physical Medicine and Rehabilitation Physicians
700,Physical Therapist Aides
701,Physical Therapist Assistants
702,Physical Therapists
703,Physician Assistants
704,Physicists
705,"Physics Teachers, Postsecondary"
706,Pile-Driver Operators
707,"Pilots, Ship"
708,Pipe Fitters and Steamfitters
709,Pipelayers
710,Plasterers and Stucco Masons
711,"Plating and Coating Machine Setters, Operators, and Tenders, Metal and Plastic"
712,Plumbers
713,Podiatrists
714,"Poets, Lyricists and Creative Writers"
715,Police Detectives
716,Police Identification and Records Officers
717,Police Patrol Officers
718,"Police, Fire, and Ambulance Dispatchers"
719,"Political Science Teachers, Postsecondary"
720,Political Scientists
721,Postal Service Clerks
722,Postal Service Mail Carriers
723,"Postal Service Mail Sorters, Processors, and Processing Machine Operators"
724,Postmasters and Mail Superintendents
725,"Potters, Manufacturing"
726,"Pourers and Casters, Metal"
727,Power Distributors and Dispatchers
728,Power Plant Operators
729,Precious Metal Workers
730,Precision Agriculture Technicians
731,Prepress Technicians and Workers
732,"Preschool Teachers, Except Special Education"
733,"Pressers, Textile, Garment, and Related Materials"
734,Preventive Medicine Physicians
735,Print Binding and Finishing Workers
736,Printing Press Operators
737,Private Detectives and Investigators
738,Probation Officers and Correctional Treatment Specialists
739,Procurement Clerks
740,Producers
741,Product Safety Engineers
742,"Production, Planning, and Expediting Clerks"
743,Program Directors
744,Proofreaders and Copy Markers
745,"Property, Real Estate, and Community Association Managers"
746,Prosthodontists
747,Psychiatric Aides
748,Psychiatric Technicians
749,Psychiatrists
750,"Psychology Teachers, Postsecondary"
751,Public Address System and Other Announcers
752,Public Relations Specialists
753,Public Relations and Fundraising Managers
754,"Pump Operators, Except Wellhead Pumpers"
755,"Purchasing Agents, Except Wholesale, Retail, and Farm Products"
756,Purchasing Managers
757,Quality Control Analysts
758,Quality Control Systems Managers
759,Radiation Therapists
760,Radio Frequency Identification Device Specialists
761,Radio Mechanics
762,Radio Operators
763,Radio and Television Announcers
764,"Radio, Cellular, and Tower Equipment Installers and Repairers"
765,Radiologic Technicians
766,Radiologic Technologists
767,Radiologists
768,Rail Car Repairers
769,"Rail Yard Engineers, Dinkey Operators, and Hostlers"
770,Rail-Track Laying and Maintenance Equipment Operators
771,"Railroad Brake, Signal, and Switch Operators"
772,Railroad Conductors and Yardmasters
773,Range Managers
774,Real Estate Brokers
775,Real Estate Sales Agents
776,Receptionists and Information Clerks
777,Recreation Workers
778,"Recreation and Fitness Studies Teachers, Postsecondary"
779,Recreational Therapists
780,Recreational Vehicle Service Technicians
781,Recycling Coordinators
782,Recycling and Reclamation Workers
783,"Refractory Materials Repairers, Except Brickmasons"
784,Refrigeration Mechanics and Installers
785,Refuse and Recyclable Material Collectors
786,Registered Nurses
787,Regulatory Affairs Managers
788,Regulatory Affairs Specialists
789,Rehabilitation Counselors
790,Reinforcing Iron and Rebar Workers
791,Remote Sensing Scientists and Technologists
792,Remote Sensing Technicians
793,Reporters and Correspondents
794,Reservation and Transportation Ticket Agents and Travel Clerks
795,Residential Advisors
796,Respiratory Therapists
797,Respiratory Therapy Technicians
798,Retail Loss Prevention Specialists
799,Retail Salespersons
800,Riggers
801,Risk Management Specialists
802,Robotics Engineers
803,Robotics Technicians
804,"Rock Splitters, Quarry"
805,"Rolling Machine Setters, Operators, and Tenders, Metal and Plastic"
806,"Roof Bolters, Mining"
807,Roofers
808,"Rotary Drill Operators, Oil and Gas"
809,Rough Carpenters
810,"Roustabouts, Oil and Gas"
811,Sailors and Marine Oilers
812,"Sales Agents, Financial Services"
813,"Sales Agents, Securities and Commodities"
814,Sales Engineers
815,Sales Managers
816,"Sales Representatives, Wholesale and Manufacturing, Except Technical and Scientific Products"
817,"Sales Representatives, Wholesale and Manufacturing, Technical and Scientific Products"
818,"Sawing Machine Setters, Operators, and Tenders, Wood"
819,School Psychologists
820,Search Marketing Strategists
821,"Secondary School Teachers, Except Special and Career/Technical Education"
822,"Secretaries and Administrative Assistants, Except Legal, Medical, and Executive"
823,Securities and Commodities Traders
824,Security Guards
825,Security Management Specialists
826,Security Managers
827,Security and Fire Alarm Systems Installers
828,Segmental Pavers
829,Self-Enrichment Education Teachers
830,Semiconductor Processors
831,"Separating, Filtering, Clarifying, Precipitating, and Still Machine Setters, Operators, and Tenders"
832,Septic Tank Servicers and Sewer Pipe Cleaners
833,"Service Unit Operators, Oil, Gas, and Mining"
834,Set and Exhibit Designers
835,"Sewers, Hand"
836,Sewing Machine Operators
837,Shampooers
838,Sheet Metal Workers
839,Sheriffs and Deputy Sheriffs
840,Ship Engineers
841,Ship and Boat Captains
842,"Shipping, Receiving, and Traffic Clerks"
843,Shoe Machine Operators and Tenders
844,Shoe and Leather Workers and Repairers
845,Signal and Track Switch Repairers
846,Singers
847,Skincare Specialists
848,Slaughterers and Meat Packers
849,Slot Supervisors
850,Social Science Research Assistants
851,"Social Work Teachers, Postsecondary"
852,Social and Community Service Managers
853,Social and Human Service Assistants
854,Sociologists
855,"Sociology Teachers, Postsecondary"
856,"Software Developers, Applications"
857,"Software Developers, Systems Software"
858,Software Quality Assurance Engineers and Testers
859,Soil and Plant Scientists
860,Soil and Water Conservationists
861,Solar Energy Installation Managers
862,Solar Energy Systems Engineers
863,Solar Photovoltaic Installers
864,Solar Sales Representatives and Assessors
865,Solar Thermal Installers and Technicians
866,Solderers and Brazers
867,Sound Engineering Technicians
868,Spa Managers
869,"Special Education Teachers, Kindergarten and Elementary School"
870,"Special Education Teachers, Middle School"
871,"Special Education Teachers, Preschool"
872,"Special Education Teachers, Secondary School"
873,Speech-Language Pathologists
874,Speech-Language Pathology Assistants
875,Sports Medicine Physicians
876,Statement Clerks
877,Stationary Engineers and Boiler Operators
878,Statistical Assistants
879,Statisticians
880,"Stock Clerks, Sales Floor"
881,"Stock Clerks- Stockroom, Warehouse, or Storage Yard"
882,"Stone Cutters and Carvers, Manufacturing"
883,Stonemasons
884,Storage and Distribution Managers
885,Structural Iron and Steel Workers
886,Structural Metal Fabricators and Fitters
887,Substance Abuse and Behavioral Disorder Counselors
888,Supply Chain Managers
889,Surgeons
890,Surgical Assistants
891,Surgical Technologists
892,Survey Researchers
893,Surveying Technicians
894,Surveyors
895,Sustainability Specialists
896,"Switchboard Operators, Including Answering Service"
897,"Tailors, Dressmakers, and Custom Sewers"
898,Talent Directors
899,"Tank Car, Truck, and Ship Loaders"
900,Tapers
901,"Tax Examiners and Collectors, and Revenue Agents"
902,Tax Preparers
903,Taxi Drivers and Chauffeurs
904,Teacher Assistants
905,Team Assemblers
906,Technical Directors/Managers
907,Technical Writers
908,Telecommunications Engineering Specialists
909,"Telecommunications Equipment Installers and Repairers, Except Line Installers"
910,Telecommunications Line Installers and Repairers
911,Telemarketers
912,Telephone Operators
913,Tellers
914,Terrazzo Workers and Finishers
915,Textile Bleaching and Dyeing Machine Operators and Tenders
916,"Textile Cutting Machine Setters, Operators, and Tenders"
917,"Textile Knitting and Weaving Machine Setters, Operators, and Tenders"
918,"Textile Winding, Twisting, and Drawing Out Machine Setters, Operators, and Tenders"
919,Tile and Marble Setters
920,Timing Device Assemblers and Adjusters
921,Tire Builders
922,Tire Repairers and Changers
923,"Title Examiners, Abstractors, and Searchers"
924,"Tool Grinders, Filers, and Sharpeners"
925,Tool and Die Makers
926,Tour Guides and Escorts
927,Traffic Technicians
928,Training and Development Managers
929,Training and Development Specialists
930,Transit and Railroad Police
931,"Transportation Attendants, Except Flight Attendants"
932,Transportation Engineers
933,Transportation Managers
934,Transportation Planners
935,Transportation Security Screeners
936,"Transportation Vehicle, Equipment and Systems Inspectors, Except Aviation"
937,Travel Agents
938,Travel Guides
939,Treasurers and Controllers
940,Tree Trimmers and Pruners
941,Tutors
942,"Umpires, Referees, and Other Sports Officials"
943,Upholsterers
944,Urban and Regional Planners
945,Urologists
946,"Ushers, Lobby Attendants, and Ticket Takers"
947,Validation Engineers
948,Veterinarians
949,Veterinary Assistants and Laboratory Animal Caretakers
950,Veterinary Technologists and Technicians
951,Video Game Designers
952,"Vocational Education Teachers, Postsecondary"
953,Waiters and Waitresses
954,Watch Repairers
955,Water Resource Specialists
956,Water and Wastewater Treatment Plant and System Operators
957,Water/Wastewater Engineers
958,Weatherization Installers and Technicians
959,Web Administrators
960,Web Developers
961,"Weighers, Measurers, Checkers, and Samplers, Recordkeeping"
962,"Welders, Cutters, and Welder Fitters"
963,"Welding, Soldering, and Brazing Machine Setters, Operators, and Tenders"
964,Wellhead Pumpers
965,"Wholesale and Retail Buyers, Except Farm Products"
966,Wind Energy Engineers
967,Wind Energy Operations Managers
968,Wind Energy Project Managers
969,Wind Turbine Service Technicians
970,"Woodworking Machine Setters, Operators, and Tenders, Except Sawing"
971,Word Processors and Typists
972,Zoologists and Wildlife Biologists
973,SEO Lead
974,Manufacturing Engineer
975,Manager - SCM and Ops (Fabrication)
976,Senior Manager - Sales
977,Senior UI Engineer
978,Fullstack Engineer
979,Inside Sales Specialist
980,Senior Sales Executive
981,Test role v2
982,Healthcare Manager
983,Inside Sales Executive
984,Developer Test
985,"Manager - Risk & Analytics, Underwriting"
986,Warehouse Manager
987,Frontend Developer
988,Sr Linux Systems Administrator
989,Product Marketer
990,Senior Eyewear Designer
991,PHP Tech Lead
992,Store Manager
993,EA to the Founder
994,Senior Business Development Manager
995,Senior Product Strategist
996,Senior Manager Strategic Alliances and Product
997,Product & User Research Lead - Eyewear
998,Research and Content Specialist
999,Regional Sales Head
1000,Product Marketing Copywriter
1001,Business Finance
1002,UX writer
1003,HR Executive
1004,B2B Channel Head - Business Development
1005,Senior business development Manager
1006,Merchandiser- Food Retails & Outlets
1007,Brand Manager
1008,Senior Backend Engineer
1009,Customer Service Executive
1010,Business Development Associate
1011,Senior Backend Engineer - Python
1012,Customer Success Manager
1013,Creative Content Associate
1014,Sales Account Executive
1015,Software Developer
1016,backend engineer (2)
1017,SDET 2
1018,Key Account Manager
1019,Staff SDET
1020,Account Executive
1021,Assistant Manager Sales
1022,Account Manager
1023,Manager - Finance
1024,QA and Automation Engineer
1025,Software technical lead
1026,Senior SDET
1027,Category Manager
1028,Senior Software Engineer I
1029,Logistics Coordinator
1030,Team Leader Collections
1031,Customer Support Executive
1032,Quality Trainer - Assistant Manager
1033,Hybrid Mobile App Developer - Ionic
1034,Backend Engineer
1035,Customer Relationship Executive
1036,Product Manager
1037,SCM and Ops Manager - Precision
1039,Job role for troubleshooting
1040,Assistant Category Manager
1041,Senior Manager- Category
1042,Finance Manager
1043,Veterinarian
1044,Front end lead
1045,Senior Graphic Designer
1046,Associate Manager - KAM
1047,Product Designer
1048,Relationship Manager
1049,Campaign Manager
1050,Legal Associate
1051,Enterprise Sales Associate
1052,Tele Caller
1053,Senior Software Engineer - Java
1054,Data Pod SDE (Backend)
1055,Assistant Manager – Quality & Training
1056,Technical Lead - Front-End
1058,Senior Category Manager
1059,Business Development Manager
1060,Big Data Engineer
1061,Customer Engagement Executive
1062,Software Engineer/Developer( .NET)
1063,Marketing Manager
1064,Payroll Specialist
1065,Junior Frontend Engineer
1066,Senior Performance Marketer
1067,Investment Analyst
1068,Operations Head
1069,Senior Frontend Engineer
1070,Assistant Manager – Customer Experience
1071,Marketing Specialist
1072,Content & Design Associate
1073,Lead UI Designer
1074,Vendor Development Manager
1075,Sr Backend Golang/NodeJs
1076,Senior React Native Developer
1077,QA Manual
1078,Senior Visual Designer
1079,Inside Sales Exec/Sr. Exec.
1080,Performance Marketer
1081,Full Stack Engineer
1082,Retention Manager
1083,Head of Compliance
1085,Sales Associate
1086,Learning Operations Associate
1087,BDM - Fabrication
1088,Human Resource Associate
1089,Sales Analytics Manager
1090,Informative Content Writer
1091,Operations Manager
1092,Project Manager
1093,BDM - Precision Manufacturing
1094,Full Stack Mean Developer
1095,Product Marketing Manager
1097,Head of Finance
1098,Software Engineer (Data Platform)
1099,Copywriter
1102,Social Media & Content Experience Manager
1104,Frontend Developer (React)
1106,(Sr) SDE - Backend - PHP & Laravel
1107,Operations Lead
1108,Operations Associate
1109,Quality Automation Lead
1110,SDE 3 - Backend
1111,Technical Support Engineer
1112,Customer Success Specialist/Manager
1113,Head of Business
1114,customer relationship executive
1115,Head of Sales and BD (Supply)
1117,Engineering manager
1118,Graphic Designer Internship
1119,Motion Graphic Designer
1120,Quantity Surveyor
1121,Junior content writer (Web/App)
1122,PPC Specialist (Kochi)
1123,Customer Success Manager (Placement)
1124,Software Development Engineer 3
1125,Outbound Sales Team Lead
1126,Community Manager
1127,Content Writer
1128,Front end developer (T1)
1129,Healthcare Quality Analyst
1131,Senior Frontend Developer/Tech Lead (React)
1132,Junior Backend Developer
1133,Devops Engineer
1134,Senior/Lead Software Developer Engineer
1136,Frontend engineer (1)
1137,Sr. Backend Developer
1138,Senior Copywriter
1139,Senior Product Manager
1140,Senior Backend Developer
1141,Content Operations Associate
1142,Regional Partnership Manager
1143,Acquisition Manager
1144,Growth Marketing Manager
1145,Senior Research and Content Specialist
1146,Backend Developer
1147,Lead iOS Developer
1148,Lead Generation Specialist
1149,"Backend Engineer, Applied ML"
1150,Brand and Marketing
1151,Machine Learning
1152,SDR Manager
1153,Sr. Product manager
1154,Jr. PHP developer
1155,Senior Machine Learning Engineer
1156,Mentor for Data Science and Machine Learning
1158,Payment Support Specialist/Manager
1159,Brand & Content Head
1160,Product Engineer - Android
1161,Crowd Puller
1162,UX Writer
1163,Copywriter / Scriptwriter
1165,Strategic Initiatives
1167,Sr Backend Developer/Tech Lead
1168,Youtube Manager
1170,Sr Frontend ReactNative Developer
1171,Demand Generation Manager
1172,Software Engineer Developer-1/2
1173,Growth/ Client Success Intern
1174,Junior Frontend Developer
1175,Sales Development Representative
1176,Spoken English Mentor/ IELTS Mentors
1179,Lead User Researcher
1180,Mobile Developer
1181,Front-End Engineer
1184,Whatsapp Advisor
1185,Android Developer
1186,Growth Marketer
1188,Senior Sales Manager/Sales Manager
1189,Full Stack Architect
1190,Techno-Commercial Lead
1191,Frontend Engineer Mobile
1192,Principal Engineer
1193,Recruitment Sourcing Lead
1194,Sales Manager
1195,Sales and BD Associate
1196,Junior Performance Marketer
1197,Junior Python Developer
1198,Delivery Lead
1199,Media Buyer - Google Ads
1200,Founding Head of BizOps and Strategy
1201,Head of Customer Success
1203,Performance Marketing Head/Lead
1204,Brand Manager / Asst. Brand Manager
1206,Salesforce Developer/ SFDC Specialist
1208,Offline Channel Manager
1209,Front end Engineer
1211,HR Manager - Talent Acquisition
1212,Head of Data Science
1213,Senior iOS Developer
1214,Catalog Associate
1215,Sales Manager (Tamil )
1216,DevOps Engineer
1217,CSR Program Manager
1218,Product Analyst
1219,Human Resource Manager
1220,Content Intern
1222,Acquisition - Associate
1223,Senior Python Developer
1224,Performance Marketing Expert
1226,Data Engineer
1227,Junior content writer (Content and Blogs)
1228,Production Manager
1231,Tech Lead
1232,Digital Marketing Manager
1233,Associate Channel Sales
1234,Product Manager / Associate PM
1235,PPC Specialist (Coimbatore)
1236,Social Media Strategist
1237,DevOps Lead
1238,Social Media Marketing Manager
1239,Senior App Support Engineer
1240,Frontend Engineer
1241,Graphic Designer
1242,Software Development Engineer -  2
1243,Customer Success Associate
1244,Staff SDE II
1245,Junior Product Engineer
1246,Growth Manager
1247,Tech Lead (Data pod)
1248,Logistics Manager
1250,Presales
1252,Academic Counsellor
1253,Senior Project Manager
1254,Frontend Technical Lead
1255,Validator
1257,VP - Marketing
1258,SDE III (Backend)
1260,PR Manager
1262,Video creator / photographer
1263,Client Relationship Manager
1265,SDE 2 - Backend
1266,Head of Digital Marketing
1267,SDE - ll
1268,SDE IV (Backend)
1269,HR executive
1270,Cloud Engineer
1272,C++ Application Developer
1274,Performance Marketing Associate
1275,Lead Technical Support
1276,Market Research Analyst
1277,Senior PPC Lead
1278,Talent Acquisition Associate
1279,Golang Developer
1280,Senior Product Designer
1281,Manual QA
1282,Mentor - Full Stack Developer
1284,SDE - IV
1286,Design Lead/Product Design Lead
1287,Marketing Associate
1288,Content and Community Manager
1289,Data - SDE (Backend)
1290,Channel Sales Manager
1291,Fullstack Developer
1292,Junior Finance Associate
1295,Head of Engineering
1296,Embedded software engineer
1297,UI/UX Developer
1298,Python Mentor
1299,Talent Acquisition Executive
1300,Frontend Engineer Web
1302,Python Developer
1304,Recruiter & HR
1305,Senior A.I. Engineer
1306,Lead QA Engineer
1307,Data Analyst Intern
1308,Lead Trainer
1309,Senior Content and Copywriter
1311,Mentor - Stock market
1313,QA Engineer
1315,C++ Qt Developer
1317,Content Creator
1318,Senior Devops Engineer
1319,Lead Computer Vision Engineer
1320,Growth Marketing Associate
1322,Staff SDE (Squad Lead)
1326,Insight specialist
1328,Executive Assistant
1329,Founders Office - HR Strategic Partner
1330,Senior UI Developer
1333,Sales and Marketing Intern
1334,Junior Associate Operations
1335,Video and Social Media Content Creator
1336,Storyteller
1337,Logistics & Customer success manager
1339,SDE 2 - Fullstack
1340,Program Manager
1341,Mid Senior Android Engineer
1342,Solidity Developer
1343,Head of People (HR Associate)
1344,Senior Engineering Manager
1345,Senior Ionic Developer
1346,Senior Customer Success Manager
1347,UI/UX Designer
1348,Team Leader Collection
1352,Social Media Manager
1353,Junior Brand manager/ Brand marketing associate
1354,Research & Content - Intern
1355,QA - Automation Tester
1357,Software Development Engineer 2
1358,Senior Data and Analytics Engineer
1359,Assistant Academic Counsellor
1360,Senior SDE - Frontend
1364,Enteprise Architect
1365,DevOps
1366,MIS Executive
1367,Growth Associate / Digital Marketing Executive
1368,Inside Sales Team Lead
1371,iOS Developer
1373,Senior SRE Engineer
1375,Cost Accountant
1376,Reverse Logistics Manager
1377,Backend Engineer Junior
1378,Senior Client Servicing Manager
1380,Senior Content Writer
1381,Social Media Intern
1382,Copywriter Intern
